{
    "A": [{
        "id": "152900",
        "name": "阿拉善盟",
        "pinyin": "alashanmeng",
        "country": "中国"
    }, {
        "id": "210300",
        "name": "鞍山",
        "pinyin": "anshan",
        "country": "中国"
    }, {
        "id": "340800",
        "name": "安庆",
        "pinyin": "anqing",
        "country": "中国"
    }, {
        "id": "410500",
        "name": "安阳",
        "pinyin": "anyang",
        "country": "中国"
    }, {
        "id": "513200",
        "name": "阿坝藏族羌族自治州",
        "pinyin": "abazangzuqiangzuzizhizhou",
        "country": "中国"
    }, {
        "id": "520400",
        "name": "安顺",
        "pinyin": "anshun",
        "country": "中国"
    }, {
        "id": "542500",
        "name": "阿里地区",
        "pinyin": "alidiqu",
        "country": "中国"
    }, {
        "id": "610900",
        "name": "安康",
        "pinyin": "ankang",
        "country": "中国"
    }, {
        "id": "652900",
        "name": "阿克苏地区",
        "pinyin": "akesudiqu",
        "country": "中国"
    }, {
        "id": "654300",
        "name": "阿泰勒地区",
        "pinyin": "ataileidiqu",
        "country": "中国"
    }, {
        "id": "820100",
        "name": "澳门半岛",
        "pinyin": "aomenbandao",
        "country": "中国"
    }, {
        "id": "659002",
        "name": "阿拉尔市",
        "pinyin": "alaershi",
        "country": "中国"
    }],
    "B": [{
        "id": "110100",
        "name": "北京",
        "pinyin": "beijing",
        "country": "中国"
    }, {
        "id": "130600",
        "name": "保定",
        "pinyin": "baoding",
        "country": "中国"
    }, {
        "id": "150200",
        "name": "包头",
        "pinyin": "baotou",
        "country": "中国"
    }, {
        "id": "150800",
        "name": "巴彦淖尔",
        "pinyin": "bayannaoer",
        "country": "中国"
    }, {
        "id": "210500",
        "name": "本溪",
        "pinyin": "benxi",
        "country": "中国"
    }, {
        "id": "220600",
        "name": "白山",
        "pinyin": "baishan",
        "country": "中国"
    }, {
        "id": "220800",
        "name": "白城",
        "pinyin": "baicheng",
        "country": "中国"
    }, {
        "id": "340300",
        "name": "蚌埠",
        "pinyin": "bengbu",
        "country": "中国"
    }, {
        "id": "341600",
        "name": "亳州",
        "pinyin": "bozhou",
        "country": "中国"
    }, {
        "id": "371600",
        "name": "滨州",
        "pinyin": "binzhou",
        "country": "中国"
    }, {
        "id": "450500",
        "name": "北海",
        "pinyin": "beihai",
        "country": "中国"
    }, {
        "id": "451000",
        "name": "百色",
        "pinyin": "baise",
        "country": "中国"
    }, {
        "id": "511900",
        "name": "巴中",
        "pinyin": "bazhong",
        "country": "中国"
    }, {
        "id": "522400",
        "name": "毕节地区",
        "pinyin": "bijiediqu",
        "country": "中国"
    }, {
        "id": "530500",
        "name": "保山",
        "pinyin": "baoshan",
        "country": "中国"
    }, {
        "id": "610300",
        "name": "宝鸡",
        "pinyin": "baoji",
        "country": "中国"
    }, {
        "id": "620400",
        "name": "白银",
        "pinyin": "baiyin",
        "country": "中国"
    }, {
        "id": "652700",
        "name": "博尔塔拉蒙古自治州",
        "pinyin": "boertalamengguzizhizhou",
        "country": "中国"
    }, {
        "id": "652800",
        "name": "巴音郭楞蒙古自治州",
        "pinyin": "bayinguolengmengguzizhizhou",
        "country": "中国"
    }],
    "C": [{
        "id": "130800",
        "name": "承德",
        "pinyin": "chengde",
        "country": "中国"
    }, {
        "id": "130900",
        "name": "沧州",
        "pinyin": "cangzhou",
        "country": "中国"
    }, {
        "id": "140400",
        "name": "长治",
        "pinyin": "changzhi",
        "country": "中国"
    }, {
        "id": "150400",
        "name": "赤峰",
        "pinyin": "chifeng",
        "country": "中国"
    }, {
        "id": "220100",
        "name": "长春",
        "pinyin": "changchun",
        "country": "中国"
    }, {
        "id": "320400",
        "name": "常州",
        "pinyin": "changzhou",
        "country": "中国"
    }, {
        "id": "341100",
        "name": "滁州",
        "pinyin": "chuzhou",
        "country": "中国"
    }, {
        "id": "341400",
        "name": "巢湖",
        "pinyin": "chaohu",
        "country": "中国"
    }, {
        "id": "341700",
        "name": "池州",
        "pinyin": "chizhou",
        "country": "中国"
    }, {
        "id": "430100",
        "name": "长沙",
        "pinyin": "changsha",
        "country": "中国"
    }, {
        "id": "430700",
        "name": "常德",
        "pinyin": "changde",
        "country": "中国"
    }, {
        "id": "431000",
        "name": "郴州",
        "pinyin": "chenzhou",
        "country": "中国"
    }, {
        "id": "445100",
        "name": "潮州",
        "pinyin": "chaozhou",
        "country": "中国"
    }, {
        "id": "451400",
        "name": "崇左",
        "pinyin": "chongzuo",
        "country": "中国"
    }, {
        "id": "500100",
        "name": "重庆",
        "pinyin": "chongqing",
        "country": "中国"
    }, {
        "id": "510100",
        "name": "成都",
        "pinyin": "chengdu",
        "country": "中国"
    }, {
        "id": "532300",
        "name": "楚雄彝族自治州",
        "pinyin": "chuxiongyizuzizhizhou",
        "country": "中国"
    }, {
        "id": "542100",
        "name": "昌都地区",
        "pinyin": "changdudiqu",
        "country": "中国"
    }, {
        "id": "652300",
        "name": "昌吉回族自治州",
        "pinyin": "changjihuizuzizhizhou",
        "country": "中国"
    }],
    "D": [{
        "id": "140200",
        "name": "大同",
        "pinyin": "datong",
        "country": "中国"
    }, {
        "id": "210200",
        "name": "大连",
        "pinyin": "dalian",
        "country": "中国"
    }, {
        "id": "210600",
        "name": "丹东",
        "pinyin": "dandong",
        "country": "中国"
    }, {
        "id": "230600",
        "name": "大庆",
        "pinyin": "daqing",
        "country": "中国"
    }, {
        "id": "232700",
        "name": "大兴安岭地区",
        "pinyin": "daxinganlingdiqu",
        "country": "中国"
    }, {
        "id": "370500",
        "name": "东营",
        "pinyin": "dongying",
        "country": "中国"
    }, {
        "id": "371400",
        "name": "德州",
        "pinyin": "dezhou",
        "country": "中国"
    }, {
        "id": "441900",
        "name": "东莞",
        "pinyin": "dongguan",
        "country": "中国"
    }, {
        "id": "510600",
        "name": "德阳",
        "pinyin": "deyang",
        "country": "中国"
    }, {
        "id": "511700",
        "name": "达州",
        "pinyin": "dazhou",
        "country": "中国"
    }, {
        "id": "532900",
        "name": "大理白族自治州",
        "pinyin": "dalibaizuzizhizhou",
        "country": "中国"
    }, {
        "id": "533100",
        "name": "德宏傣族景颇族自治州",
        "pinyin": "dehongdaizujingpozuzizhizhou",
        "country": "中国"
    }, {
        "id": "533400",
        "name": "迪庆藏族自治州",
        "pinyin": "diqingzangzuzizhizhou",
        "country": "中国"
    }, {
        "id": "621100",
        "name": "定西",
        "pinyin": "dingxi",
        "country": "中国"
    }, {
        "id": "469003",
        "name": "儋州市",
        "pinyin": "danzhoushi",
        "country": "中国"
    }],
    "E": [{
        "id": "150600",
        "name": "鄂尔多斯",
        "pinyin": "eerduosi",
        "country": "中国"
    }, {
        "id": "420700",
        "name": "鄂州",
        "pinyin": "ezhou",
        "country": "中国"
    }, {
        "id": "422800",
        "name": "恩施土家族苗族自治州",
        "pinyin": "enshitujiazumiaozuzizhizhou",
        "country": "中国"
    }],
    "F": [{
        "id": "210400",
        "name": "抚顺",
        "pinyin": "fushun",
        "country": "中国"
    }, {
        "id": "210900",
        "name": "阜新",
        "pinyin": "fuxin",
        "country": "中国"
    }, {
        "id": "341200",
        "name": "阜阳",
        "pinyin": "fuyang",
        "country": "中国"
    }, {
        "id": "350100",
        "name": "福州",
        "pinyin": "fuzhou",
        "country": "中国"
    }, {
        "id": "361000",
        "name": "抚州",
        "pinyin": "fuzhou",
        "country": "中国"
    }, {
        "id": "440600",
        "name": "佛山",
        "pinyin": "foshan",
        "country": "中国"
    }, {
        "id": "450600",
        "name": "防城港市",
        "pinyin": "fangchenggangshi",
        "country": "中国"
    }],
    "G": [{
        "id": "360700",
        "name": "赣州",
        "pinyin": "ganzhou",
        "country": "中国"
    }, {
        "id": "440100",
        "name": "广州",
        "pinyin": "guangzhou",
        "country": "中国"
    }, {
        "id": "450300",
        "name": "桂林",
        "pinyin": "guilin",
        "country": "中国"
    }, {
        "id": "450800",
        "name": "贵港",
        "pinyin": "guigang",
        "country": "中国"
    }, {
        "id": "510800",
        "name": "广元",
        "pinyin": "guangyuan",
        "country": "中国"
    }, {
        "id": "511600",
        "name": "广安",
        "pinyin": "guangan",
        "country": "中国"
    }, {
        "id": "513300",
        "name": "甘孜藏族自治州",
        "pinyin": "ganzizangzuzizhizhou",
        "country": "中国"
    }, {
        "id": "520100",
        "name": "贵阳",
        "pinyin": "guiyang",
        "country": "中国"
    }, {
        "id": "623000",
        "name": "甘南藏族自治州",
        "pinyin": "gannanzangzuzizhizhou",
        "country": "中国"
    }, {
        "id": "632600",
        "name": "果洛藏族自治州",
        "pinyin": "guoluozangzuzizhizhou",
        "country": "中国"
    }, {
        "id": "640400",
        "name": "固原",
        "pinyin": "guyuan",
        "country": "中国"
    }, {
        "id": "710200",
        "name": "高雄",
        "pinyin": "gaoxiong",
        "country": "中国"
    }, {
        "id": "712300",
        "name": "高雄县",
        "pinyin": "gaoxiongxian",
        "country": "中国"
    }],
    "H": [{
        "id": "130400",
        "name": "邯郸",
        "pinyin": "handan",
        "country": "中国"
    }, {
        "id": "131100",
        "name": "衡水",
        "pinyin": "hengshui",
        "country": "中国"
    }, {
        "id": "150100",
        "name": "呼和浩特",
        "pinyin": "huhehaote",
        "country": "中国"
    }, {
        "id": "150700",
        "name": "呼伦贝尔",
        "pinyin": "hulunbeier",
        "country": "中国"
    }, {
        "id": "211400",
        "name": "葫芦岛",
        "pinyin": "huludao",
        "country": "中国"
    }, {
        "id": "230100",
        "name": "哈尔滨",
        "pinyin": "haerbin",
        "country": "中国"
    }, {
        "id": "230400",
        "name": "鹤岗",
        "pinyin": "hegang",
        "country": "中国"
    }, {
        "id": "231100",
        "name": "黑河",
        "pinyin": "heihe",
        "country": "中国"
    }, {
        "id": "320800",
        "name": "淮安",
        "pinyin": "huaian",
        "country": "中国"
    }, {
        "id": "330100",
        "name": "杭州",
        "pinyin": "hangzhou",
        "country": "中国"
    }, {
        "id": "330500",
        "name": "湖州",
        "pinyin": "huzhou",
        "country": "中国"
    }, {
        "id": "340100",
        "name": "合肥",
        "pinyin": "hefei",
        "country": "中国"
    }, {
        "id": "340400",
        "name": "淮南",
        "pinyin": "huainan",
        "country": "中国"
    }, {
        "id": "340600",
        "name": "淮北",
        "pinyin": "huaibei",
        "country": "中国"
    }, {
        "id": "341000",
        "name": "黄山",
        "pinyin": "huangshan",
        "country": "中国"
    }, {
        "id": "371700",
        "name": "菏泽",
        "pinyin": "heze",
        "country": "中国"
    }, {
        "id": "410600",
        "name": "鹤壁",
        "pinyin": "hebi",
        "country": "中国"
    }, {
        "id": "420200",
        "name": "黄石",
        "pinyin": "huangshi",
        "country": "中国"
    }, {
        "id": "421100",
        "name": "黄冈",
        "pinyin": "huanggang",
        "country": "中国"
    }, {
        "id": "430400",
        "name": "衡阳",
        "pinyin": "hengyang",
        "country": "中国"
    }, {
        "id": "431200",
        "name": "怀化",
        "pinyin": "huaihua",
        "country": "中国"
    }, {
        "id": "441300",
        "name": "惠州",
        "pinyin": "huizhou",
        "country": "中国"
    }, {
        "id": "441600",
        "name": "河源",
        "pinyin": "heyuan",
        "country": "中国"
    }, {
        "id": "451100",
        "name": "贺州",
        "pinyin": "hezhou",
        "country": "中国"
    }, {
        "id": "451200",
        "name": "河池",
        "pinyin": "hechi",
        "country": "中国"
    }, {
        "id": "460100",
        "name": "海口",
        "pinyin": "haikou",
        "country": "中国"
    }, {
        "id": "532500",
        "name": "红河哈尼族彝族自治州",
        "pinyin": "honghehanizuyizuzizhizhou",
        "country": "中国"
    }, {
        "id": "610700",
        "name": "汉中",
        "pinyin": "hanzhong",
        "country": "中国"
    }, {
        "id": "632100",
        "name": "海东地区",
        "pinyin": "haidongdiqu",
        "country": "中国"
    }, {
        "id": "632200",
        "name": "海北藏族自治州",
        "pinyin": "haibeizangzuzizhizhou",
        "country": "中国"
    }, {
        "id": "632300",
        "name": "黄南藏族自治州",
        "pinyin": "huangnanzangzuzizhizhou",
        "country": "中国"
    }, {
        "id": "632500",
        "name": "海南藏族自治州",
        "pinyin": "hainanzangzuzizhizhou",
        "country": "中国"
    }, {
        "id": "632800",
        "name": "海西蒙古族藏族自治州",
        "pinyin": "haiximengguzuzangzuzizhizhou",
        "country": "中国"
    }, {
        "id": "652200",
        "name": "哈密地区",
        "pinyin": "hamidiqu",
        "country": "中国"
    }, {
        "id": "653200",
        "name": "和田地区",
        "pinyin": "hatiandiqu",
        "country": "中国"
    }, {
        "id": "712600",
        "name": "花莲县",
        "pinyin": "hualianxian",
        "country": "中国"
    }],
    "J": [{
        "id": "140500",
        "name": "晋城",
        "pinyin": "jincheng",
        "country": "中国"
    }, {
        "id": "140700",
        "name": "晋中",
        "pinyin": "jinzhong",
        "country": "中国"
    }, {
        "id": "210700",
        "name": "锦州",
        "pinyin": "jinzhou",
        "country": "中国"
    }, {
        "id": "220200",
        "name": "吉林",
        "pinyin": "jilin",
        "country": "中国"
    }, {
        "id": "230300",
        "name": "鸡西",
        "pinyin": "jixi",
        "country": "中国"
    }, {
        "id": "230800",
        "name": "佳木斯",
        "pinyin": "jiamusi",
        "country": "中国"
    }, {
        "id": "330400",
        "name": "嘉兴",
        "pinyin": "jiaxing",
        "country": "中国"
    }, {
        "id": "330700",
        "name": "金华",
        "pinyin": "jinhua",
        "country": "中国"
    }, {
        "id": "360200",
        "name": "景德镇",
        "pinyin": "jingdezhen",
        "country": "中国"
    }, {
        "id": "360400",
        "name": "九江",
        "pinyin": "jiujiang",
        "country": "中国"
    }, {
        "id": "360800",
        "name": "吉安",
        "pinyin": "jian",
        "country": "中国"
    }, {
        "id": "370100",
        "name": "济南",
        "pinyin": "jinan",
        "country": "中国"
    }, {
        "id": "370800",
        "name": "济宁",
        "pinyin": "jining",
        "country": "中国"
    }, {
        "id": "410800",
        "name": "焦作",
        "pinyin": "jiaozuo",
        "country": "中国"
    }, {
        "id": "420800",
        "name": "荆门",
        "pinyin": "jingmen",
        "country": "中国"
    }, {
        "id": "421000",
        "name": "荆州",
        "pinyin": "jingzhou",
        "country": "中国"
    }, {
        "id": "440700",
        "name": "江门",
        "pinyin": "jiangmen",
        "country": "中国"
    }, {
        "id": "445200",
        "name": "揭阳",
        "pinyin": "jieyang",
        "country": "中国"
    }, {
        "id": "620200",
        "name": "嘉峪关",
        "pinyin": "jiayuguan",
        "country": "中国"
    }, {
        "id": "620300",
        "name": "金昌",
        "pinyin": "jinchang",
        "country": "中国"
    }, {
        "id": "620900",
        "name": "酒泉",
        "pinyin": "jiuquan",
        "country": "中国"
    }, {
        "id": "710500",
        "name": "金门县",
        "pinyin": "jinmenxian",
        "country": "中国"
    }, {
        "id": "710700",
        "name": "基隆",
        "pinyin": "jilong",
        "country": "中国"
    }, {
        "id": "710900",
        "name": "嘉义",
        "pinyin": "jiayi",
        "country": "中国"
    }, {
        "id": "810200",
        "name": "九龙",
        "pinyin": "jiulong",
        "country": "中国"
    }, {
        "id": "410881",
        "name": "济源市",
        "pinyin": "jiyuanshi",
        "country": "中国"
    }, {
        "id": "711900",
        "name": "嘉义县",
        "pinyin": "jiayixian",
        "country": "中国"
    }],
    "K": [{
        "id": "410200",
        "name": "开封",
        "pinyin": "kaifeng",
        "country": "中国"
    }, {
        "id": "530100",
        "name": "昆明",
        "pinyin": "kunming",
        "country": "中国"
    }, {
        "id": "650200",
        "name": "克拉玛依",
        "pinyin": "kelamayi",
        "country": "中国"
    }, {
        "id": "653000",
        "name": "克孜勒苏柯尔克孜自治州",
        "pinyin": "kezilesukeerkezizizhizhou",
        "country": "中国"
    }, {
        "id": "653100",
        "name": "喀什地区",
        "pinyin": "kashidiqu",
        "country": "中国"
    }],
    "L": [{
        "id": "131000",
        "name": "廊坊",
        "pinyin": "langfang",
        "country": "中国"
    }, {
        "id": "141000",
        "name": "临汾",
        "pinyin": "linfen",
        "country": "中国"
    }, {
        "id": "141100",
        "name": "吕梁",
        "pinyin": "lvliang",
        "country": "中国"
    }, {
        "id": "211000",
        "name": "辽阳",
        "pinyin": "liaoyang",
        "country": "中国"
    }, {
        "id": "220400",
        "name": "辽源",
        "pinyin": "liaoyuan",
        "country": "中国"
    }, {
        "id": "320700",
        "name": "连云港",
        "pinyin": "lianyungang",
        "country": "中国"
    }, {
        "id": "331100",
        "name": "丽水",
        "pinyin": "lishui",
        "country": "中国"
    }, {
        "id": "341500",
        "name": "六安",
        "pinyin": "luan",
        "country": "中国"
    }, {
        "id": "350800",
        "name": "龙岩",
        "pinyin": "longyan",
        "country": "中国"
    }, {
        "id": "371200",
        "name": "莱芜",
        "pinyin": "laiwu",
        "country": "中国"
    }, {
        "id": "371300",
        "name": "临沂",
        "pinyin": "linyi",
        "country": "中国"
    }, {
        "id": "371500",
        "name": "聊城",
        "pinyin": "liaocheng",
        "country": "中国"
    }, {
        "id": "410300",
        "name": "洛阳",
        "pinyin": "luoyang",
        "country": "中国"
    }, {
        "id": "431300",
        "name": "娄底",
        "pinyin": "loudi",
        "country": "中国"
    }, {
        "id": "450200",
        "name": "柳州",
        "pinyin": "liuzhou",
        "country": "中国"
    }, {
        "id": "451300",
        "name": "来宾",
        "pinyin": "laibin",
        "country": "中国"
    }, {
        "id": "510500",
        "name": "泸州",
        "pinyin": "luzhou",
        "country": "中国"
    }, {
        "id": "511100",
        "name": "乐山",
        "pinyin": "leshan",
        "country": "中国"
    }, {
        "id": "513400",
        "name": "凉山彝族自治州",
        "pinyin": "liangshanyizuzizhizhou",
        "country": "中国"
    }, {
        "id": "520200",
        "name": "六盘水",
        "pinyin": "liupanshui",
        "country": "中国"
    }, {
        "id": "530700",
        "name": "丽江",
        "pinyin": "lijiang",
        "country": "中国"
    }, {
        "id": "530900",
        "name": "临沧",
        "pinyin": "lincang",
        "country": "中国"
    }, {
        "id": "540100",
        "name": "拉萨",
        "pinyin": "lasa",
        "country": "中国"
    }, {
        "id": "542600",
        "name": "林芝地区",
        "pinyin": "linzhidiqu",
        "country": "中国"
    }, {
        "id": "620100",
        "name": "兰州",
        "pinyin": "lanzhou",
        "country": "中国"
    }, {
        "id": "621200",
        "name": "陇南",
        "pinyin": "longnan",
        "country": "中国"
    }, {
        "id": "622900",
        "name": "临夏回族自治州",
        "pinyin": "linxiahuizuzizhizhou",
        "country": "中国"
    }, {
        "id": "820200",
        "name": "离岛",
        "pinyin": "lidao",
        "country": "中国"
    }],
    "M": [{
        "id": "231000",
        "name": "牡丹江",
        "pinyin": "mudanjiang",
        "country": "中国"
    }, {
        "id": "340500",
        "name": "马鞍山",
        "pinyin": "maanshan",
        "country": "中国"
    }, {
        "id": "440900",
        "name": "茂名",
        "pinyin": "maoming",
        "country": "中国"
    }, {
        "id": "441400",
        "name": "梅州",
        "pinyin": "meizhou",
        "country": "中国"
    }, {
        "id": "510700",
        "name": "绵阳",
        "pinyin": "mianyang",
        "country": "中国"
    }, {
        "id": "511400",
        "name": "眉山",
        "pinyin": "meishan",
        "country": "中国"
    }, {
        "id": "711500",
        "name": "苗栗县",
        "pinyin": "miaolixian",
        "country": "中国"
    }],
    "N": [{
        "id": "320100",
        "name": "南京",
        "pinyin": "nanjing",
        "country": "中国"
    }, {
        "id": "320600",
        "name": "南通",
        "pinyin": "nantong",
        "country": "中国"
    }, {
        "id": "330200",
        "name": "宁波",
        "pinyin": "ningbo",
        "country": "中国"
    }, {
        "id": "350700",
        "name": "南平",
        "pinyin": "nanping",
        "country": "中国"
    }, {
        "id": "350900",
        "name": "宁德",
        "pinyin": "ningde",
        "country": "中国"
    }, {
        "id": "360100",
        "name": "南昌",
        "pinyin": "nanchang",
        "country": "中国"
    }, {
        "id": "411300",
        "name": "南阳",
        "pinyin": "nanyang",
        "country": "中国"
    }, {
        "id": "450100",
        "name": "南宁",
        "pinyin": "nanning",
        "country": "中国"
    }, {
        "id": "511000",
        "name": "内江",
        "pinyin": "neijiang",
        "country": "中国"
    }, {
        "id": "511300",
        "name": "南充",
        "pinyin": "nanchong",
        "country": "中国"
    }, {
        "id": "533300",
        "name": "怒江傈僳族自治州",
        "pinyin": "nujianglisuzuzizhizhou",
        "country": "中国"
    }, {
        "id": "542400",
        "name": "那曲地区",
        "pinyin": "naqudiqu",
        "country": "中国"
    }, {
        "id": "710600",
        "name": "南投县",
        "pinyin": "nantouxian",
        "country": "中国"
    }],
    "P": [{
        "id": "211100",
        "name": "盘锦",
        "pinyin": "panjin",
        "country": "中国"
    }, {
        "id": "350300",
        "name": "莆田",
        "pinyin": "putian",
        "country": "中国"
    }, {
        "id": "360300",
        "name": "萍乡",
        "pinyin": "pingxiang",
        "country": "中国"
    }, {
        "id": "410400",
        "name": "平顶山",
        "pinyin": "pingdingshan",
        "country": "中国"
    }, {
        "id": "410900",
        "name": "濮阳",
        "pinyin": "puyang",
        "country": "中国"
    }, {
        "id": "510400",
        "name": "攀枝花",
        "pinyin": "panzhihua",
        "country": "中国"
    }, {
        "id": "530800",
        "name": "普洱",
        "pinyin": "puer",
        "country": "中国"
    }, {
        "id": "620800",
        "name": "平凉",
        "pinyin": "pingliang",
        "country": "中国"
    }, {
        "id": "712400",
        "name": "屏东县",
        "pinyin": "pingdongxian",
        "country": "中国"
    }, {
        "id": "712700",
        "name": "澎湖县",
        "pinyin": "penghuxian",
        "country": "中国"
    }],
    "Q": [{
        "id": "130300",
        "name": "秦皇岛",
        "pinyin": "qinhuangdao",
        "country": "中国"
    }, {
        "id": "230200",
        "name": "齐齐哈尔",
        "pinyin": "qiqihaer",
        "country": "中国"
    }, {
        "id": "230900",
        "name": "七台河",
        "pinyin": "qitaihe",
        "country": "中国"
    }, {
        "id": "330800",
        "name": "衢州",
        "pinyin": "quzhou",
        "country": "中国"
    }, {
        "id": "350500",
        "name": "泉州",
        "pinyin": "quanzhou",
        "country": "中国"
    }, {
        "id": "370200",
        "name": "青岛",
        "pinyin": "qingdao",
        "country": "中国"
    }, {
        "id": "441800",
        "name": "清远",
        "pinyin": "qingyuan",
        "country": "中国"
    }, {
        "id": "450700",
        "name": "钦州",
        "pinyin": "qinzhou",
        "country": "中国"
    }, {
        "id": "522300",
        "name": "黔西南布依族苗族自治州",
        "pinyin": "qianxinanbuyizumiaozuzizhizhou",
        "country": "中国"
    }, {
        "id": "522600",
        "name": "黔东南苗族侗族自治州",
        "pinyin": "qiandongnanmiaozudongzuzizhizhou",
        "country": "中国"
    }, {
        "id": "522700",
        "name": "黔南布依族苗族自治州",
        "pinyin": "qiannanbuyizumiaozuzizhizhou",
        "country": "中国"
    }, {
        "id": "530300",
        "name": "曲靖",
        "pinyin": "qujing",
        "country": "中国"
    }, {
        "id": "621000",
        "name": "庆阳",
        "pinyin": "qingyang",
        "country": "中国"
    }, {
        "id": "429005",
        "name": "潜江市",
        "pinyin": "qianjiangshi",
        "country": "中国"
    }],
    "R": [{
        "id": "371100",
        "name": "日照",
        "pinyin": "rizhao",
        "country": "中国"
    }, {
        "id": "542300",
        "name": "日喀则地区",
        "pinyin": "rikazediqu",
        "country": "中国"
    }],
    "S": [{
        "id": "130100",
        "name": "石家庄",
        "pinyin": "shijiazhuang",
        "country": "中国"
    }, {
        "id": "140600",
        "name": "朔州",
        "pinyin": "shuozhou",
        "country": "中国"
    }, {
        "id": "210100",
        "name": "沈阳",
        "pinyin": "shenyang",
        "country": "中国"
    }, {
        "id": "220300",
        "name": "四平",
        "pinyin": "siping",
        "country": "中国"
    }, {
        "id": "220700",
        "name": "松原",
        "pinyin": "songyuan",
        "country": "中国"
    }, {
        "id": "230500",
        "name": "双鸭山",
        "pinyin": "shuangyashan",
        "country": "中国"
    }, {
        "id": "231200",
        "name": "绥化",
        "pinyin": "suihua",
        "country": "中国"
    }, {
        "id": "310100",
        "name": "上海",
        "pinyin": "shanghai",
        "country": "中国"
    }, {
        "id": "320500",
        "name": "苏州",
        "pinyin": "suzhou",
        "country": "中国"
    }, {
        "id": "321300",
        "name": "宿迁",
        "pinyin": "suqian",
        "country": "中国"
    }, {
        "id": "330600",
        "name": "绍兴",
        "pinyin": "shaoxing",
        "country": "中国"
    }, {
        "id": "341300",
        "name": "宿州",
        "pinyin": "suzhou",
        "country": "中国"
    }, {
        "id": "350400",
        "name": "三明",
        "pinyin": "sanming",
        "country": "中国"
    }, {
        "id": "361100",
        "name": "上饶",
        "pinyin": "shangrao",
        "country": "中国"
    }, {
        "id": "411200",
        "name": "三门峡",
        "pinyin": "sanmenxia",
        "country": "中国"
    }, {
        "id": "411400",
        "name": "商丘",
        "pinyin": "shangqiu",
        "country": "中国"
    }, {
        "id": "420300",
        "name": "十堰",
        "pinyin": "shiyan",
        "country": "中国"
    }, {
        "id": "421300",
        "name": "随州",
        "pinyin": "suizhou",
        "country": "中国"
    }, {
        "id": "430500",
        "name": "邵阳",
        "pinyin": "shaoyang",
        "country": "中国"
    }, {
        "id": "440200",
        "name": "韶关",
        "pinyin": "shaoguan",
        "country": "中国"
    }, {
        "id": "440300",
        "name": "深圳",
        "pinyin": "shenzhen",
        "country": "中国"
    }, {
        "id": "440500",
        "name": "汕头",
        "pinyin": "shantou",
        "country": "中国"
    }, {
        "id": "441500",
        "name": "汕尾",
        "pinyin": "shanwei",
        "country": "中国"
    }, {
        "id": "460200",
        "name": "三亚",
        "pinyin": "sanya",
        "country": "中国"
    }, {
        "id": "510900",
        "name": "遂宁",
        "pinyin": "suining",
        "country": "中国"
    }, {
        "id": "542200",
        "name": "山南地区",
        "pinyin": "shannandiqu",
        "country": "中国"
    }, {
        "id": "611000",
        "name": "商洛",
        "pinyin": "shangluo",
        "country": "中国"
    }, {
        "id": "640200",
        "name": "石嘴山",
        "pinyin": "shizuishan",
        "country": "中国"
    }, {
        "id": "429021",
        "name": "神农架林区",
        "pinyin": "shennongjialinqu",
        "country": "中国"
    }, {
        "id": "659001",
        "name": "石河子市",
        "pinyin": "shihezishi",
        "country": "中国"
    }, {
        "id": "460300",
        "name": "三沙市",
        "pinyin": "sanshashi",
        "country": "中国"
    }],
    "T": [{
        "id": "120100",
        "name": "天津",
        "pinyin": "tianjin",
        "country": "中国"
    }, {
        "id": "130200",
        "name": "唐山",
        "pinyin": "tangshan",
        "country": "中国"
    }, {
        "id": "140100",
        "name": "太原",
        "pinyin": "taiyuan",
        "country": "中国"
    }, {
        "id": "150500",
        "name": "通辽",
        "pinyin": "tongliao",
        "country": "中国"
    }, {
        "id": "211200",
        "name": "铁岭",
        "pinyin": "tieling",
        "country": "中国"
    }, {
        "id": "220500",
        "name": "通化",
        "pinyin": "tonghua",
        "country": "中国"
    }, {
        "id": "321200",
        "name": "泰州",
        "pinyin": "taizhou",
        "country": "中国"
    }, {
        "id": "331000",
        "name": "台州",
        "pinyin": "taizhou",
        "country": "中国"
    }, {
        "id": "340700",
        "name": "铜陵",
        "pinyin": "tongling",
        "country": "中国"
    }, {
        "id": "370900",
        "name": "泰安",
        "pinyin": "taian",
        "country": "中国"
    }, {
        "id": "411100",
        "name": "漯河",
        "pinyin": "luohe",
        "country": "中国"
    }, {
        "id": "522200",
        "name": "铜仁地区",
        "pinyin": "tongjindiqu",
        "country": "中国"
    }, {
        "id": "610200",
        "name": "铜川",
        "pinyin": "tongchuan",
        "country": "中国"
    }, {
        "id": "620500",
        "name": "天水",
        "pinyin": "tianshui",
        "country": "中国"
    }, {
        "id": "652100",
        "name": "吐鲁番地区",
        "pinyin": "tulufandiqu",
        "country": "中国"
    }, {
        "id": "654200",
        "name": "塔城地区",
        "pinyin": "tachengdiqu",
        "country": "中国"
    }, {
        "id": "710100",
        "name": "台北",
        "pinyin": "taibei",
        "country": "中国"
    }, {
        "id": "710300",
        "name": "台南",
        "pinyin": "tainan",
        "country": "中国"
    }, {
        "id": "710400",
        "name": "台中",
        "pinyin": "taizhong",
        "country": "中国"
    }, {
        "id": "429006",
        "name": "天门市",
        "pinyin": "tianmenshi",
        "country": "中国"
    }, {
        "id": "659003",
        "name": "图木舒克市",
        "pinyin": "tumushukeshi",
        "country": "中国"
    }, {
        "id": "711100",
        "name": "台北县",
        "pinyin": "taibeixian",
        "country": "中国"
    }, {
        "id": "711400",
        "name": "桃园县",
        "pinyin": "taoyuanxian",
        "country": "中国"
    }, {
        "id": "711600",
        "name": "台中县",
        "pinyin": "taizhongxian",
        "country": "中国"
    }, {
        "id": "712200",
        "name": "台南县",
        "pinyin": "tainanxian",
        "country": "中国"
    }, {
        "id": "712500",
        "name": "台东县",
        "pinyin": "taidongxian",
        "country": "中国"
    }],
    "W": [{
        "id": "150300",
        "name": "乌海",
        "pinyin": "wuhai",
        "country": "中国"
    }, {
        "id": "150900",
        "name": "乌兰察布",
        "pinyin": "wulanchabu",
        "country": "中国"
    }, {
        "id": "320200",
        "name": "无锡",
        "pinyin": "wuxi",
        "country": "中国"
    }, {
        "id": "330300",
        "name": "温州",
        "pinyin": "wenzhou",
        "country": "中国"
    }, {
        "id": "340200",
        "name": "芜湖",
        "pinyin": "wuhu",
        "country": "中国"
    }, {
        "id": "370700",
        "name": "潍坊",
        "pinyin": "weifang",
        "country": "中国"
    }, {
        "id": "371000",
        "name": "威海",
        "pinyin": "weihai",
        "country": "中国"
    }, {
        "id": "420100",
        "name": "武汉",
        "pinyin": "wuhan",
        "country": "中国"
    }, {
        "id": "450400",
        "name": "梧州",
        "pinyin": "wuzhou",
        "country": "中国"
    }, {
        "id": "532600",
        "name": "文山壮族苗族自治州",
        "pinyin": "wenshanzhuangzumiaozuzizhizhou",
        "country": "中国"
    }, {
        "id": "610500",
        "name": "渭南",
        "pinyin": "weinan",
        "country": "中国"
    }, {
        "id": "620600",
        "name": "武威",
        "pinyin": "wuwei",
        "country": "中国"
    }, {
        "id": "640300",
        "name": "吴忠",
        "pinyin": "wuzhong",
        "country": "中国"
    }, {
        "id": "650100",
        "name": "乌鲁木齐",
        "pinyin": "wulumuqi",
        "country": "中国"
    }, {
        "id": "659004",
        "name": "五家渠市",
        "pinyin": "wujiaqushi",
        "country": "中国"
    }],
    "X": [{
        "id": "130500",
        "name": "邢台",
        "pinyin": "xingtai",
        "country": "中国"
    }, {
        "id": "140900",
        "name": "忻州",
        "pinyin": "xinzhou",
        "country": "中国"
    }, {
        "id": "152200",
        "name": "兴安盟",
        "pinyin": "xinganmeng",
        "country": "中国"
    }, {
        "id": "152500",
        "name": "锡林郭勒盟",
        "pinyin": "xilinguolemeng",
        "country": "中国"
    }, {
        "id": "320300",
        "name": "徐州",
        "pinyin": "xuzhou",
        "country": "中国"
    }, {
        "id": "341800",
        "name": "宣城",
        "pinyin": "xuancheng",
        "country": "中国"
    }, {
        "id": "350200",
        "name": "厦门",
        "pinyin": "xiamen",
        "country": "中国"
    }, {
        "id": "360500",
        "name": "新余",
        "pinyin": "xinyu",
        "country": "中国"
    }, {
        "id": "410700",
        "name": "新乡",
        "pinyin": "xinxiang",
        "country": "中国"
    }, {
        "id": "411000",
        "name": "许昌",
        "pinyin": "xuchang",
        "country": "中国"
    }, {
        "id": "411500",
        "name": "信阳",
        "pinyin": "xinyang",
        "country": "中国"
    }, {
        "id": "420600",
        "name": "襄阳",
        "pinyin": "xiangyang",
        "country": "中国"
    }, {
        "id": "420900",
        "name": "孝感",
        "pinyin": "xiaogan",
        "country": "中国"
    }, {
        "id": "421200",
        "name": "咸宁",
        "pinyin": "xianning",
        "country": "中国"
    }, {
        "id": "430300",
        "name": "湘潭",
        "pinyin": "xiangtan",
        "country": "中国"
    }, {
        "id": "433100",
        "name": "湘西土家族苗族自治州",
        "pinyin": "xiangxitujiazumiaozuzizhizhou",
        "country": "中国"
    }, {
        "id": "532800",
        "name": "西双版纳傣族自治州",
        "pinyin": "xishuangbannadaizuzizhizhou"
    },     {
        "id": "610100",
        "name": "西安",
        "pinyin": "xian",
        "country": "中国"
    }, {
        "id": "610400",
        "name": "咸阳",
        "pinyin": "xianyang",
        "country": "中国"
    }, {
        "id": "630100",
        "name": "西宁",
        "pinyin": "xining",
        "country": "中国"
    }, {
        "id": "710800",
        "name": "新竹",
        "pinyin": "xinzhu",
        "country": "中国"
    }, {
        "id": "810100",
        "name": "香港岛",
        "pinyin": "xianggangdao",
        "country": "中国"
    }, {
        "id": "810300",
        "name": "新界",
        "pinyin": "xinjie",
        "country": "中国"
    }, {
        "id": "429004",
        "name": "仙桃市",
        "pinyin": "xiantaoshi",
        "country": "中国"
    }, {
        "id": "711300",
        "name": "新竹县",
        "pinyin": "xinzhuxian",
        "country": "中国"
    }],
    "Y": [{
        "id": "140300",
        "name": "阳泉",
        "pinyin": "yangquan",
        "country": "中国"
    }, {
        "id": "140800",
        "name": "运城",
        "pinyin": "yuncheng",
        "country": "中国"
    }, {
        "id": "210800",
        "name": "营口",
        "pinyin": "yingkou",
        "country": "中国"
    }, {
        "id": "222400",
        "name": "延边朝鲜族自治州",
        "pinyin": "yanbianchaoxianzuzizhizhou",
        "country": "中国"
    }, {
        "id": "230700",
        "name": "伊春",
        "pinyin": "yichun",
        "country": "中国"
    }, {
        "id": "320900",
        "name": "盐城",
        "pinyin": "yancheng",
        "country": "中国"
    }, {
        "id": "321000",
        "name": "扬州",
        "pinyin": "yangzhou",
        "country": "中国"
    }, {
        "id": "360600",
        "name": "鹰潭",
        "pinyin": "yingtan",
        "country": "中国"
    }, {
        "id": "360900",
        "name": "宜春",
        "pinyin": "yichun",
        "country": "中国"
    }, {
        "id": "370600",
        "name": "烟台",
        "pinyin": "yantai",
        "country": "中国"
    }, {
        "id": "420500",
        "name": "宜昌",
        "pinyin": "yichang",
        "country": "中国"
    }, {
        "id": "430600",
        "name": "岳阳",
        "pinyin": "yueyang",
        "country": "中国"
    }, {
        "id": "430900",
        "name": "益阳",
        "pinyin": "yiyang",
        "country": "中国"
    }, {
        "id": "431100",
        "name": "永州",
        "pinyin": "yongzhou",
        "country": "中国"
    }, {
        "id": "441700",
        "name": "阳江",
        "pinyin": "yangjiang",
        "country": "中国"
    }, {
        "id": "445300",
        "name": "云浮",
        "pinyin": "yunfu",
        "country": "中国"
    }, {
        "id": "450900",
        "name": "玉林",
        "pinyin": "yulin",
        "country": "中国"
    }, {
        "id": "511500",
        "name": "宜宾",
        "pinyin": "yibin",
        "country": "中国"
    }, {
        "id": "511800",
        "name": "雅安",
        "pinyin": "yaan",
        "country": "中国"
    }, {
        "id": "530400",
        "name": "玉溪",
        "pinyin": "yuxi",
        "country": "中国"
    }, {
        "id": "610600",
        "name": "延安",
        "pinyin": "yanan",
        "country": "中国"
    }, {
        "id": "610800",
        "name": "榆林",
        "pinyin": "yulin",
        "country": "中国"
    }, {
        "id": "632700",
        "name": "玉树藏族自治州",
        "pinyin": "yushuzangzuzizhizhou",
        "country": "中国"
    }, {
        "id": "640100",
        "name": "银川",
        "pinyin": "yinchuan",
        "country": "中国"
    }, {
        "id": "654000",
        "name": "伊犁哈萨克自治州",
        "pinyin": "yilihasakezuzizhizhou",
        "country": "中国"
    }, {
        "id": "711200",
        "name": "宜兰县",
        "pinyin": "yilanxian",
        "country": "中国"
    }, {
        "id": "712100",
        "name": "云林县",
        "pinyin": "yunlinxian",
        "country": "中国"
    }],
    "Z": [{
        "id": "130700",
        "name": "张家口",
        "pinyin": "zhangjiakou",
        "country": "中国"
    }, {
        "id": "211300",
        "name": "朝阳",
        "pinyin": "chaoyang",
        "country": "中国"
    }, {
        "id": "321100",
        "name": "镇江",
        "pinyin": "zhenjiang",
        "country": "中国"
    }, {
        "id": "330900",
        "name": "舟山",
        "pinyin": "zhoushan",
        "country": "中国"
    }, {
        "id": "350600",
        "name": "漳州",
        "pinyin": "zhangzhou",
        "country": "中国"
    }, {
        "id": "370300",
        "name": "淄博",
        "pinyin": "zibo",
        "country": "中国"
    }, {
        "id": "370400",
        "name": "枣庄",
        "pinyin": "zaozhuang",
        "country": "中国"
    }, {
        "id": "410100",
        "name": "郑州",
        "pinyin": "zhengzhou",
        "country": "中国"
    }, {
        "id": "411600",
        "name": "周口",
        "pinyin": "zhoukou",
        "country": "中国"
    }, {
        "id": "411700",
        "name": "驻马店",
        "pinyin": "zhumadian",
        "country": "中国"
    }, {
        "id": "430200",
        "name": "株洲",
        "pinyin": "zhuzhou",
        "country": "中国"
    }, {
        "id": "430800",
        "name": "张家界",
        "pinyin": "zhangjiajie",
        "country": "中国"
    }, {
        "id": "440400",
        "name": "珠海",
        "pinyin": "zhuhai",
        "country": "中国"
    }, {
        "id": "440800",
        "name": "湛江",
        "pinyin": "zhanjiang",
        "country": "中国"
    }, {
        "id": "441200",
        "name": "肇庆",
        "pinyin": "zhaoqing",
        "country": "中国"
    }, {
        "id": "442000",
        "name": "中山",
        "pinyin": "zhongshan",
        "country": "中国"
    }, {
        "id": "510300",
        "name": "自贡",
        "pinyin": "zigong",
        "country": "中国"
    }, {
        "id": "512000",
        "name": "资阳",
        "pinyin": "ziyang",
        "country": "中国"
    }, {
        "id": "520300",
        "name": "遵义",
        "pinyin": "zunyi",
        "country": "中国"
    }, {
        "id": "530600",
        "name": "昭通",
        "pinyin": "zhaotong",
        "country": "中国"
    }, {
        "id": "620700",
        "name": "张掖",
        "pinyin": "zhangye",
        "country": "中国"
    }, {
        "id": "640500",
        "name": "中卫",
        "pinyin": "zhongwei",
        "country": "中国"
    }, {
        "id": "711700",
        "name": "彰化县",
        "pinyin": "zhanghuaxian",
        "country": "中国"
    }],
    "hot": [{
        "id": "110100",
        "name": "北京",
        "country": "中国"
    }, {
        "id": "310100",
        "name": "上海",
        "country": "中国"
    }, {
        "id": "330100",
        "name": "杭州",
        "country": "中国"
    }, {
        "id": "330200",
        "name": "宁波",
        "country": "中国"
    }, {
        "id": "420100",
        "name": "武汉",
        "country": "中国"
    }, {
        "id": "440100",
        "name": "广州",
        "country": "中国"
    }, {
        "id": "440300",
        "name": "深圳",
        "country": "中国"
    }, {
        "id": "500100",
        "name": "重庆",
        "country": "中国"
    }, {
        "id": "510100",
        "name": "成都",
        "country": "中国"
    }, {
        "id": "610100",
        "name": "西安",
        "country": "中国"
    }]
}